,       0       ,       r2      ,       r2      ,               ,               ,       r2      ,               ,               ,               ,               ,       r2      ,               ,               ,       r2      ,               ,               ,       r2      ,               ,               ,               ,               ,               ,       r2      ,               ,               ,       r2      ,       r2      ,               ,               ,       1       ,       2       ,               ,               ,               ,               ,               ,               ,               ,               ,               ,               ,               ,               ,               ,               ,               ,               , 
,       1       ,       s3      ,       s4      ,               ,               ,               ,               ,               ,               ,               ,       s7      ,               ,               ,      s10      ,               ,               ,      s11      ,               ,               ,               ,               ,               ,      s15      ,               ,               ,      s17      ,       r1      ,       8       ,       9       ,               ,               ,               ,               ,       5       ,       12      ,               ,               ,       13      ,               ,       14      ,               ,               ,       16      ,               ,               ,               ,       6       , 
,       2       ,               ,               ,               ,               ,               ,               ,               ,               ,               ,               ,               ,               ,               ,               ,               ,               ,               ,               ,               ,               ,               ,               ,               ,               ,               ,      acc      ,               ,               ,               ,               ,               ,               ,               ,               ,               ,               ,               ,               ,               ,               ,               ,               ,               ,               ,               ,               , 
,       3       ,               ,               ,               ,               ,               ,      s18      ,               ,               ,               ,               ,               ,               ,               ,               ,               ,               ,               ,               ,               ,               ,               ,               ,               ,               ,               ,               ,               ,               ,               ,               ,               ,               ,               ,               ,               ,               ,               ,               ,               ,               ,               ,               ,               ,               ,               ,               , 
,       4       ,               ,               ,               ,               ,               ,               ,               ,               ,               ,               ,               ,               ,               ,               ,               ,      s19      ,               ,               ,               ,               ,               ,               ,               ,               ,               ,               ,               ,               ,               ,               ,               ,               ,               ,               ,               ,               ,               ,               ,               ,               ,               ,               ,               ,               ,               ,               , 
,       5       ,      r23      ,      r23      ,               ,               ,      r23      ,               ,               ,               ,               ,      r23      ,               ,               ,      r23      ,               ,               ,      r23      ,               ,               ,               ,               ,               ,      r23      ,               ,               ,      r23      ,      r23      ,               ,               ,               ,               ,               ,               ,               ,               ,               ,               ,               ,               ,               ,               ,               ,               ,               ,               ,               ,               , 
,       6       ,       r3      ,       r3      ,               ,               ,       r3      ,               ,               ,               ,               ,       r3      ,               ,               ,       r3      ,               ,               ,       r3      ,               ,               ,               ,               ,               ,       r3      ,               ,               ,       r3      ,       r3      ,               ,               ,               ,               ,               ,               ,               ,               ,               ,               ,               ,               ,               ,               ,               ,               ,               ,               ,               ,               , 
,       7       ,               ,               ,               ,               ,               ,               ,               ,               ,               ,               ,               ,               ,               ,               ,               ,      s20      ,               ,               ,               ,               ,               ,               ,               ,               ,               ,               ,               ,               ,               ,               ,               ,               ,               ,               ,               ,               ,               ,               ,               ,               ,               ,               ,               ,               ,               ,               , 
,       8       ,               ,               ,               ,               ,               ,               ,               ,               ,               ,               ,               ,      s21      ,               ,               ,               ,               ,               ,               ,               ,               ,               ,               ,               ,               ,               ,               ,               ,               ,               ,               ,               ,               ,               ,               ,               ,               ,               ,               ,               ,               ,               ,               ,               ,               ,               ,               , 
,       9       ,       r4      ,       r4      ,               ,               ,       r4      ,               ,               ,               ,               ,       r4      ,               ,               ,       r4      ,               ,               ,       r4      ,               ,               ,               ,               ,               ,       r4      ,               ,               ,       r4      ,       r4      ,               ,               ,               ,               ,               ,               ,               ,               ,               ,               ,               ,               ,               ,               ,               ,               ,               ,               ,               ,               , 
,      10       ,               ,               ,               ,               ,               ,      s22      ,               ,               ,               ,               ,               ,               ,               ,               ,               ,               ,               ,               ,               ,               ,               ,               ,               ,               ,               ,               ,               ,               ,               ,               ,               ,               ,               ,               ,               ,               ,               ,               ,               ,               ,               ,               ,               ,               ,               ,               , 
,      11       ,               ,               ,               ,               ,               ,               ,               ,      s23      ,               ,               ,               ,               ,               ,               ,               ,               ,      s24      ,               ,               ,               ,               ,               ,               ,               ,               ,               ,               ,               ,               ,               ,               ,               ,               ,               ,               ,               ,               ,       25      ,               ,               ,               ,               ,               ,               ,               ,               , 
,      12       ,      r22      ,      r22      ,               ,               ,      r22      ,               ,               ,               ,               ,      r22      ,               ,               ,      r22      ,               ,               ,      r22      ,               ,               ,               ,               ,               ,      r22      ,               ,               ,      r22      ,      r22      ,               ,               ,               ,               ,               ,               ,               ,               ,               ,               ,               ,               ,               ,               ,               ,               ,               ,               ,               ,               , 
,      13       ,      r24      ,      r24      ,               ,               ,      r24      ,               ,               ,               ,               ,      r24      ,               ,               ,      r24      ,               ,               ,      r24      ,               ,               ,               ,               ,               ,      r24      ,               ,               ,      r24      ,      r24      ,               ,               ,               ,               ,               ,               ,               ,               ,               ,               ,               ,               ,               ,               ,               ,               ,               ,               ,               ,               , 
,      14       ,               ,               ,               ,               ,               ,               ,               ,               ,               ,               ,               ,      s26      ,               ,               ,               ,               ,               ,               ,               ,               ,               ,               ,               ,               ,               ,               ,               ,               ,               ,               ,               ,               ,               ,               ,               ,               ,               ,               ,               ,               ,               ,               ,               ,               ,               ,               , 
,      15       ,               ,               ,               ,      s27      ,               ,               ,      s28      ,               ,               ,               ,               ,               ,               ,               ,      s30      ,      s31      ,               ,               ,      s33      ,               ,               ,               ,               ,               ,               ,               ,               ,               ,               ,               ,               ,               ,               ,               ,       32      ,               ,               ,               ,               ,       29      ,               ,               ,               ,               ,               ,               , 
,      16       ,               ,               ,               ,               ,               ,               ,               ,               ,               ,               ,               ,      s34      ,               ,               ,               ,               ,               ,               ,               ,               ,               ,               ,               ,               ,               ,               ,               ,               ,               ,               ,               ,               ,               ,               ,               ,               ,               ,               ,               ,               ,               ,               ,               ,               ,               ,               , 
,      17       ,               ,               ,               ,               ,               ,      s35      ,               ,               ,               ,               ,               ,               ,               ,               ,               ,               ,               ,               ,               ,               ,               ,               ,               ,               ,               ,               ,               ,               ,               ,               ,               ,               ,               ,               ,               ,               ,               ,               ,               ,               ,               ,               ,               ,               ,               ,               , 
,      18       ,               ,               ,               ,               ,               ,               ,               ,               ,               ,       s7      ,               ,               ,               ,               ,               ,               ,               ,               ,               ,               ,               ,               ,               ,               ,               ,               ,               ,               ,               ,               ,               ,               ,               ,               ,               ,               ,               ,               ,       36      ,               ,               ,               ,               ,               ,               ,               , 
,      19       ,               ,               ,               ,               ,               ,               ,               ,               ,               ,               ,               ,      r30      ,               ,               ,               ,               ,               ,               ,               ,               ,               ,               ,               ,               ,               ,               ,               ,               ,               ,               ,               ,               ,               ,               ,               ,               ,               ,               ,               ,               ,               ,               ,               ,               ,               ,               , 
,      20       ,               ,               ,               ,               ,               ,               ,               ,      s37      ,               ,               ,               ,      r10      ,               ,               ,               ,               ,               ,               ,               ,               ,               ,               ,               ,               ,               ,               ,               ,               ,               ,               ,               ,       38      ,               ,               ,               ,               ,               ,               ,               ,               ,               ,               ,               ,               ,               ,               , 
,      21       ,       r6      ,       r6      ,               ,               ,       r6      ,               ,               ,               ,               ,       r6      ,               ,               ,       r6      ,               ,               ,       r6      ,               ,               ,               ,               ,               ,       r6      ,               ,               ,       r6      ,       r6      ,               ,               ,               ,               ,               ,               ,               ,               ,               ,               ,               ,               ,               ,               ,               ,               ,               ,               ,               ,               , 
,      22       ,               ,               ,               ,      s27      ,               ,               ,      s28      ,               ,               ,               ,      s41      ,               ,               ,               ,      s30      ,      s31      ,               ,               ,      s33      ,               ,               ,               ,               ,               ,               ,               ,               ,               ,               ,               ,               ,               ,               ,               ,       32      ,               ,               ,               ,               ,       39      ,       42      ,               ,               ,               ,       40      ,               , 
,      23       ,               ,               ,               ,      s27      ,               ,               ,      s28      ,               ,               ,               ,      s41      ,               ,               ,               ,      s30      ,      s31      ,               ,               ,      s33      ,               ,               ,               ,               ,               ,               ,               ,               ,               ,               ,               ,               ,               ,               ,               ,       32      ,       43      ,               ,               ,               ,       44      ,       45      ,               ,       46      ,               ,       40      ,               , 
,      24       ,               ,               ,               ,      s27      ,               ,               ,      s28      ,               ,               ,               ,      s41      ,               ,               ,               ,      s30      ,      s31      ,               ,               ,      s33      ,               ,               ,               ,               ,               ,               ,               ,               ,               ,               ,               ,               ,               ,               ,               ,       32      ,       43      ,               ,               ,               ,       44      ,       45      ,               ,       47      ,               ,       40      ,               , 
,      25       ,               ,               ,               ,               ,               ,               ,               ,               ,               ,               ,               ,      r11      ,               ,               ,               ,               ,               ,               ,               ,               ,               ,               ,      r11      ,               ,               ,               ,               ,               ,               ,               ,               ,               ,               ,               ,               ,               ,               ,               ,               ,               ,               ,               ,               ,               ,               ,               , 
,      26       ,       r5      ,       r5      ,               ,               ,       r5      ,               ,               ,               ,               ,       r5      ,               ,               ,       r5      ,               ,               ,       r5      ,               ,               ,               ,               ,               ,       r5      ,               ,               ,       r5      ,       r5      ,               ,               ,               ,               ,               ,               ,               ,               ,               ,               ,               ,               ,               ,               ,               ,               ,               ,               ,               ,               , 
,      27       ,               ,               ,      r37      ,               ,               ,               ,               ,               ,               ,               ,               ,      r37      ,               ,      r37      ,               ,               ,               ,               ,               ,      r37      ,      r37      ,               ,      r37      ,      r37      ,               ,               ,               ,               ,               ,               ,               ,               ,               ,               ,               ,               ,               ,               ,               ,               ,               ,               ,               ,               ,               ,               , 
,      28       ,               ,               ,      r38      ,               ,               ,               ,               ,               ,               ,               ,               ,      r38      ,               ,      r38      ,               ,               ,               ,               ,               ,      r38      ,      r38      ,               ,      r38      ,      r38      ,               ,               ,               ,               ,               ,               ,               ,               ,               ,               ,               ,               ,               ,               ,               ,               ,               ,               ,               ,               ,               ,               , 
,      29       ,               ,               ,               ,               ,               ,               ,               ,               ,               ,               ,               ,      r32      ,               ,               ,               ,               ,               ,               ,               ,               ,               ,               ,               ,      s49      ,               ,               ,               ,               ,               ,               ,       48      ,               ,               ,               ,               ,               ,               ,               ,               ,               ,               ,               ,               ,               ,               ,               , 
,      30       ,               ,               ,      r36      ,               ,               ,               ,               ,               ,               ,               ,               ,      r36      ,               ,      r36      ,               ,               ,               ,               ,               ,      r36      ,      r36      ,               ,      r36      ,      r36      ,               ,               ,               ,               ,               ,               ,               ,               ,               ,               ,               ,               ,               ,               ,               ,               ,               ,               ,               ,               ,               ,               , 
,      31       ,               ,               ,      r34      ,               ,               ,               ,               ,               ,               ,               ,               ,      r34      ,               ,      r34      ,               ,               ,               ,               ,               ,      r34      ,      r34      ,               ,      r34      ,      r34      ,               ,               ,               ,               ,               ,               ,               ,               ,               ,               ,               ,               ,               ,               ,               ,               ,               ,               ,               ,               ,               ,               , 
,      32       ,               ,               ,      r35      ,               ,               ,               ,               ,               ,               ,               ,               ,      r35      ,               ,      r35      ,               ,               ,               ,               ,               ,      r35      ,      r35      ,               ,      r35      ,      r35      ,               ,               ,               ,               ,               ,               ,               ,               ,               ,               ,               ,               ,               ,               ,               ,               ,               ,               ,               ,               ,               ,               , 
,      33       ,               ,               ,      r39      ,               ,               ,               ,               ,               ,               ,               ,               ,      r39      ,               ,      r39      ,               ,               ,               ,               ,               ,      r39      ,      r39      ,               ,      r39      ,      r39      ,               ,               ,               ,               ,               ,               ,               ,               ,               ,               ,               ,               ,               ,               ,               ,               ,               ,               ,               ,               ,               ,               , 
,      34       ,       r7      ,       r7      ,               ,               ,       r7      ,               ,               ,               ,               ,       r7      ,               ,               ,       r7      ,               ,               ,       r7      ,               ,               ,               ,               ,               ,       r7      ,               ,               ,       r7      ,       r7      ,               ,               ,               ,               ,               ,               ,               ,               ,               ,               ,               ,               ,               ,               ,               ,               ,               ,               ,               ,               , 
,      35       ,               ,               ,               ,      s27      ,               ,               ,      s28      ,               ,               ,               ,      s41      ,               ,               ,               ,      s30      ,      s31      ,               ,               ,      s33      ,               ,               ,               ,               ,               ,               ,               ,               ,               ,               ,               ,               ,               ,               ,               ,       32      ,               ,               ,               ,               ,       39      ,       50      ,               ,               ,               ,       40      ,               , 
,      36       ,               ,               ,               ,               ,               ,               ,               ,               ,               ,               ,               ,      s51      ,               ,               ,               ,               ,               ,               ,               ,               ,               ,               ,               ,               ,               ,               ,               ,               ,               ,               ,               ,               ,               ,               ,               ,               ,               ,               ,               ,               ,               ,               ,               ,               ,               ,               , 
,      37       ,               ,               ,               ,      s27      ,               ,               ,      s28      ,               ,               ,               ,      s41      ,               ,               ,               ,      s30      ,      s31      ,               ,               ,      s33      ,               ,               ,               ,               ,               ,               ,               ,               ,               ,               ,               ,               ,               ,               ,               ,       32      ,       43      ,               ,               ,               ,       44      ,       45      ,               ,       52      ,               ,       40      ,               , 
,      38       ,               ,               ,               ,               ,               ,               ,               ,               ,               ,               ,               ,       r8      ,               ,               ,               ,               ,               ,               ,               ,               ,               ,               ,               ,               ,               ,               ,               ,               ,               ,               ,               ,               ,               ,               ,               ,               ,               ,               ,               ,               ,               ,               ,               ,               ,               ,               , 
,      39       ,               ,               ,      s53      ,               ,               ,               ,               ,               ,               ,               ,               ,               ,               ,               ,               ,               ,               ,               ,               ,      s54      ,               ,               ,               ,               ,               ,               ,               ,               ,               ,               ,               ,               ,               ,               ,               ,               ,               ,               ,               ,               ,               ,               ,               ,               ,               ,               , 
,      40       ,               ,               ,               ,               ,               ,               ,               ,               ,               ,               ,               ,      r17      ,               ,               ,               ,               ,               ,               ,               ,               ,               ,               ,      r17      ,               ,               ,               ,               ,               ,               ,               ,               ,               ,               ,               ,               ,               ,               ,               ,               ,               ,               ,               ,               ,               ,               ,               , 
,      41       ,               ,               ,               ,      s27      ,               ,               ,      s28      ,               ,               ,               ,               ,               ,               ,               ,      s30      ,      s31      ,               ,               ,      s33      ,               ,               ,               ,               ,               ,               ,               ,               ,               ,               ,               ,               ,               ,               ,               ,       32      ,               ,               ,               ,               ,       55      ,               ,               ,               ,               ,               ,               , 
,      42       ,               ,               ,               ,               ,               ,               ,               ,               ,               ,               ,               ,               ,               ,               ,               ,               ,               ,               ,               ,               ,               ,               ,      s56      ,               ,               ,               ,               ,               ,               ,               ,               ,               ,               ,               ,               ,               ,               ,               ,               ,               ,               ,               ,               ,               ,               ,               , 
,      43       ,               ,               ,               ,               ,               ,               ,               ,               ,               ,               ,               ,      r14      ,               ,               ,               ,               ,               ,               ,               ,               ,               ,               ,      r14      ,               ,               ,               ,               ,               ,               ,               ,               ,               ,               ,               ,               ,               ,               ,               ,               ,               ,               ,               ,               ,               ,               ,               , 
,      44       ,               ,               ,      s53      ,               ,               ,               ,               ,               ,               ,               ,               ,               ,               ,      s57      ,               ,               ,               ,               ,               ,      s54      ,      s58      ,               ,               ,               ,               ,               ,               ,               ,               ,               ,               ,               ,               ,               ,               ,               ,               ,               ,               ,               ,               ,               ,               ,               ,               ,               , 
,      45       ,               ,               ,               ,               ,               ,               ,               ,               ,               ,               ,               ,      r15      ,               ,               ,               ,               ,               ,               ,               ,               ,               ,               ,      r15      ,               ,               ,               ,               ,               ,               ,               ,               ,               ,               ,               ,               ,               ,               ,               ,               ,               ,               ,               ,               ,               ,               ,               , 
,      46       ,               ,               ,               ,               ,               ,               ,               ,               ,               ,               ,               ,      r12      ,               ,               ,               ,               ,               ,               ,               ,               ,               ,               ,      r12      ,               ,               ,               ,               ,               ,               ,               ,               ,               ,               ,               ,               ,               ,               ,               ,               ,               ,               ,               ,               ,               ,               ,               , 
,      47       ,               ,               ,               ,               ,               ,               ,               ,               ,               ,               ,               ,      r13      ,               ,               ,               ,               ,               ,               ,               ,               ,               ,               ,      r13      ,               ,               ,               ,               ,               ,               ,               ,               ,               ,               ,               ,               ,               ,               ,               ,               ,               ,               ,               ,               ,               ,               ,               , 
,      48       ,               ,               ,               ,               ,               ,               ,               ,               ,               ,               ,               ,      r31      ,               ,               ,               ,               ,               ,               ,               ,               ,               ,               ,               ,               ,               ,               ,               ,               ,               ,               ,               ,               ,               ,               ,               ,               ,               ,               ,               ,               ,               ,               ,               ,               ,               ,               , 
,      49       ,               ,               ,               ,      s27      ,               ,               ,      s28      ,               ,               ,               ,               ,               ,               ,               ,      s30      ,      s31      ,               ,               ,      s33      ,               ,               ,               ,               ,               ,               ,               ,               ,               ,               ,               ,               ,               ,               ,               ,       32      ,               ,               ,               ,               ,       59      ,               ,               ,               ,               ,               ,               , 
,      50       ,               ,               ,               ,               ,               ,               ,               ,               ,               ,               ,               ,               ,               ,               ,               ,               ,               ,               ,               ,               ,               ,               ,      s60      ,               ,               ,               ,               ,               ,               ,               ,               ,               ,               ,               ,               ,               ,               ,               ,               ,               ,               ,               ,               ,               ,               ,               , 
,      51       ,               ,               ,               ,      s27      ,               ,               ,      s28      ,               ,               ,               ,      s41      ,               ,               ,               ,      s30      ,      s31      ,               ,               ,      s33      ,               ,               ,               ,               ,               ,               ,               ,               ,               ,               ,               ,               ,               ,               ,               ,       32      ,               ,               ,               ,               ,       39      ,       61      ,               ,               ,               ,       40      ,               , 
,      52       ,               ,               ,               ,               ,               ,               ,               ,               ,               ,               ,               ,       r9      ,               ,               ,               ,               ,               ,               ,               ,               ,               ,               ,               ,               ,               ,               ,               ,               ,               ,               ,               ,               ,               ,               ,               ,               ,               ,               ,               ,               ,               ,               ,               ,               ,               ,               , 
,      53       ,               ,               ,               ,      s27      ,               ,               ,      s28      ,               ,               ,               ,               ,               ,               ,               ,      s30      ,      s31      ,               ,               ,      s33      ,               ,               ,               ,               ,               ,               ,               ,               ,               ,               ,               ,               ,               ,               ,               ,       32      ,               ,               ,               ,               ,       62      ,               ,               ,               ,               ,               ,               , 
,      54       ,               ,               ,               ,      s27      ,               ,               ,      s28      ,               ,               ,               ,               ,               ,               ,               ,      s30      ,      s31      ,               ,               ,      s33      ,               ,               ,               ,               ,               ,               ,               ,               ,               ,               ,               ,               ,               ,               ,               ,       32      ,               ,               ,               ,               ,       63      ,               ,               ,               ,               ,               ,               , 
,      55       ,               ,               ,               ,               ,               ,               ,               ,               ,               ,               ,               ,      r18      ,               ,               ,               ,               ,               ,               ,               ,               ,               ,               ,      r18      ,               ,               ,               ,               ,               ,               ,               ,               ,               ,               ,               ,               ,               ,               ,               ,               ,               ,               ,               ,               ,               ,               ,               , 
,      56       ,               ,               ,               ,               ,               ,               ,               ,               ,               ,               ,               ,               ,               ,               ,               ,               ,               ,      s64      ,               ,               ,               ,               ,               ,               ,               ,               ,               ,               ,               ,               ,               ,               ,               ,               ,               ,               ,               ,               ,               ,               ,               ,               ,               ,               ,               ,               , 
,      57       ,               ,               ,               ,      s27      ,               ,               ,      s28      ,               ,               ,               ,               ,               ,               ,               ,      s30      ,      s31      ,               ,               ,      s33      ,               ,               ,               ,               ,               ,               ,               ,               ,               ,               ,               ,               ,               ,               ,               ,       32      ,               ,               ,               ,               ,       65      ,               ,               ,               ,               ,               ,               , 
,      58       ,               ,               ,               ,      s27      ,               ,               ,      s28      ,               ,               ,               ,               ,               ,               ,               ,      s30      ,      s31      ,               ,               ,      s33      ,               ,               ,               ,               ,               ,               ,               ,               ,               ,               ,               ,               ,               ,               ,               ,       32      ,               ,               ,               ,               ,       66      ,               ,               ,               ,               ,               ,               , 
,      59       ,               ,               ,               ,               ,               ,               ,               ,               ,               ,               ,               ,      r32      ,               ,               ,               ,               ,               ,               ,               ,               ,               ,               ,               ,      s49      ,               ,               ,               ,               ,               ,               ,       67      ,               ,               ,               ,               ,               ,               ,               ,               ,               ,               ,               ,               ,               ,               ,               , 
,      60       ,               ,               ,               ,               ,               ,               ,               ,               ,               ,               ,               ,               ,               ,               ,               ,               ,               ,      s68      ,               ,               ,               ,               ,               ,               ,               ,               ,               ,               ,               ,               ,               ,               ,               ,               ,               ,               ,               ,               ,               ,               ,               ,               ,               ,               ,               ,               , 
,      61       ,               ,               ,               ,               ,               ,               ,               ,               ,               ,               ,               ,      s69      ,               ,               ,               ,               ,               ,               ,               ,               ,               ,               ,               ,               ,               ,               ,               ,               ,               ,               ,               ,               ,               ,               ,               ,               ,               ,               ,               ,               ,               ,               ,               ,               ,               ,               , 
,      62       ,               ,               ,               ,               ,               ,               ,               ,               ,               ,               ,               ,      r21      ,               ,               ,               ,               ,               ,               ,               ,               ,               ,               ,      r21      ,               ,               ,               ,               ,               ,               ,               ,               ,               ,               ,               ,               ,               ,               ,               ,               ,               ,               ,               ,               ,               ,               ,               , 
,      63       ,               ,               ,               ,               ,               ,               ,               ,               ,               ,               ,               ,      r16      ,               ,               ,               ,               ,               ,               ,               ,               ,               ,               ,      r16      ,               ,               ,               ,               ,               ,               ,               ,               ,               ,               ,               ,               ,               ,               ,               ,               ,               ,               ,               ,               ,               ,               ,               , 
,      64       ,       r2      ,       r2      ,               ,               ,       r2      ,               ,               ,               ,               ,       r2      ,               ,               ,       r2      ,               ,               ,       r2      ,               ,               ,               ,               ,               ,       r2      ,               ,               ,       r2      ,       r2      ,               ,               ,       70      ,               ,               ,               ,               ,               ,               ,               ,               ,               ,               ,               ,               ,               ,               ,               ,               ,               , 
,      65       ,               ,               ,               ,               ,               ,               ,               ,               ,               ,               ,               ,      r20      ,               ,               ,               ,               ,               ,               ,               ,               ,               ,               ,      r20      ,               ,               ,               ,               ,               ,               ,               ,               ,               ,               ,               ,               ,               ,               ,               ,               ,               ,               ,               ,               ,               ,               ,               , 
,      66       ,               ,               ,               ,               ,               ,               ,               ,               ,               ,               ,               ,      r19      ,               ,               ,               ,               ,               ,               ,               ,               ,               ,               ,      r19      ,               ,               ,               ,               ,               ,               ,               ,               ,               ,               ,               ,               ,               ,               ,               ,               ,               ,               ,               ,               ,               ,               ,               , 
,      67       ,               ,               ,               ,               ,               ,               ,               ,               ,               ,               ,               ,      r33      ,               ,               ,               ,               ,               ,               ,               ,               ,               ,               ,               ,               ,               ,               ,               ,               ,               ,               ,               ,               ,               ,               ,               ,               ,               ,               ,               ,               ,               ,               ,               ,               ,               ,               , 
,      68       ,       r2      ,       r2      ,               ,               ,       r2      ,               ,               ,               ,               ,       r2      ,               ,               ,       r2      ,               ,               ,       r2      ,               ,               ,               ,               ,               ,       r2      ,               ,               ,       r2      ,       r2      ,               ,               ,       71      ,               ,               ,               ,               ,               ,               ,               ,               ,               ,               ,               ,               ,               ,               ,               ,               ,               , 
,      69       ,               ,               ,               ,               ,               ,               ,               ,               ,               ,               ,               ,               ,               ,               ,               ,      s11      ,               ,               ,               ,               ,               ,               ,               ,               ,               ,               ,               ,               ,               ,               ,               ,               ,               ,               ,               ,               ,               ,               ,               ,               ,               ,       72      ,               ,               ,               ,               , 
,      70       ,       s3      ,       s4      ,               ,               ,      s73      ,               ,               ,               ,               ,       s7      ,               ,               ,      s10      ,               ,               ,      s11      ,               ,               ,               ,               ,               ,      s15      ,               ,               ,      s17      ,               ,       8       ,       9       ,               ,               ,               ,               ,       5       ,       12      ,               ,               ,       13      ,               ,       14      ,               ,               ,       16      ,               ,               ,               ,       6       , 
,      71       ,       s3      ,       s4      ,               ,               ,      s74      ,               ,               ,               ,               ,       s7      ,               ,               ,      s10      ,               ,               ,      s11      ,               ,               ,               ,               ,               ,      s15      ,               ,               ,      s17      ,               ,       8       ,       9       ,               ,               ,               ,               ,       5       ,       12      ,               ,               ,       13      ,               ,       14      ,               ,               ,       16      ,               ,               ,               ,       6       , 
,      72       ,               ,               ,               ,               ,               ,               ,               ,               ,               ,               ,               ,               ,               ,               ,               ,               ,               ,               ,               ,               ,               ,               ,      s75      ,               ,               ,               ,               ,               ,               ,               ,               ,               ,               ,               ,               ,               ,               ,               ,               ,               ,               ,               ,               ,               ,               ,               , 
,      73       ,      r28      ,      r28      ,               ,               ,      r28      ,               ,               ,               ,               ,      r28      ,               ,               ,      r28      ,               ,               ,      r28      ,               ,               ,               ,               ,               ,      r28      ,               ,               ,      r28      ,      r28      ,               ,               ,               ,               ,               ,               ,               ,               ,               ,               ,               ,               ,               ,               ,               ,               ,               ,               ,               ,               , 
,      74       ,      r26      ,      r26      ,               ,               ,      r26      ,               ,               ,               ,      s76      ,      r26      ,               ,               ,      r26      ,               ,               ,      r26      ,               ,               ,               ,               ,               ,      r26      ,               ,               ,      r26      ,      r26      ,               ,               ,               ,               ,               ,               ,               ,               ,               ,               ,               ,               ,               ,               ,               ,               ,               ,       77      ,               ,               , 
,      75       ,               ,               ,               ,               ,               ,               ,               ,               ,               ,               ,               ,               ,               ,               ,               ,               ,               ,      s78      ,               ,               ,               ,               ,               ,               ,               ,               ,               ,               ,               ,               ,               ,               ,               ,               ,               ,               ,               ,               ,               ,               ,               ,               ,               ,               ,               ,               , 
,      76       ,               ,               ,               ,               ,               ,               ,               ,               ,               ,               ,               ,               ,               ,               ,               ,               ,               ,      s79      ,               ,               ,               ,               ,               ,               ,               ,               ,               ,               ,               ,               ,               ,               ,               ,               ,               ,               ,               ,               ,               ,               ,               ,               ,               ,               ,               ,               , 
,      77       ,      r25      ,      r25      ,               ,               ,      r25      ,               ,               ,               ,               ,      r25      ,               ,               ,      r25      ,               ,               ,      r25      ,               ,               ,               ,               ,               ,      r25      ,               ,               ,      r25      ,      r25      ,               ,               ,               ,               ,               ,               ,               ,               ,               ,               ,               ,               ,               ,               ,               ,               ,               ,               ,               ,               , 
,      78       ,       r2      ,       r2      ,               ,               ,       r2      ,               ,               ,               ,               ,       r2      ,               ,               ,       r2      ,               ,               ,       r2      ,               ,               ,               ,               ,               ,       r2      ,               ,               ,       r2      ,       r2      ,               ,               ,       80      ,               ,               ,               ,               ,               ,               ,               ,               ,               ,               ,               ,               ,               ,               ,               ,               ,               , 
,      79       ,       r2      ,       r2      ,               ,               ,       r2      ,               ,               ,               ,               ,       r2      ,               ,               ,       r2      ,               ,               ,       r2      ,               ,               ,               ,               ,               ,       r2      ,               ,               ,       r2      ,       r2      ,               ,               ,       81      ,               ,               ,               ,               ,               ,               ,               ,               ,               ,               ,               ,               ,               ,               ,               ,               ,               , 
,      80       ,       s3      ,       s4      ,               ,               ,      s82      ,               ,               ,               ,               ,       s7      ,               ,               ,      s10      ,               ,               ,      s11      ,               ,               ,               ,               ,               ,      s15      ,               ,               ,      s17      ,               ,       8       ,       9       ,               ,               ,               ,               ,       5       ,       12      ,               ,               ,       13      ,               ,       14      ,               ,               ,       16      ,               ,               ,               ,       6       , 
,      81       ,       s3      ,       s4      ,               ,               ,      s83      ,               ,               ,               ,               ,       s7      ,               ,               ,      s10      ,               ,               ,      s11      ,               ,               ,               ,               ,               ,      s15      ,               ,               ,      s17      ,               ,       8       ,       9       ,               ,               ,               ,               ,       5       ,       12      ,               ,               ,       13      ,               ,       14      ,               ,               ,       16      ,               ,               ,               ,       6       , 
,      82       ,      r29      ,      r29      ,               ,               ,      r29      ,               ,               ,               ,               ,      r29      ,               ,               ,      r29      ,               ,               ,      r29      ,               ,               ,               ,               ,               ,      r29      ,               ,               ,      r29      ,      r29      ,               ,               ,               ,               ,               ,               ,               ,               ,               ,               ,               ,               ,               ,               ,               ,               ,               ,               ,               ,               , 
,      83       ,      r27      ,      r27      ,               ,               ,      r27      ,               ,               ,               ,               ,      r27      ,               ,               ,      r27      ,               ,               ,      r27      ,               ,               ,               ,               ,               ,      r27      ,               ,               ,      r27      ,      r27      ,               ,               ,               ,               ,               ,               ,               ,               ,               ,               ,               ,               ,               ,               ,               ,               ,               ,               ,               ,               , 

